D,k,entropy_bits,min_class_share,switch
0.5,1,-0.0,1.0,0.0
0.5,2,0.9999345225969662,0.4952363464291997,0.09624138705680627
0.5,3,1.5836857136743896,0.3177853931890781,0.1306417467445682
0.5,4,1.9792515720261432,0.19234557875856068,0.15309094305688847
0.5,5,2.3027438804387113,0.14078402858871458,0.1841086537751573
0.5,6,2.5502025766049106,0.1315752883687946,0.18362016762208566
0.5,8,2.9867709346435025,0.0894320949774302,0.21741772837947568
0.5,10,3.247398758938907,0.051006917449417766,0.22123488709491612
0.5,12,3.5319767493387677,0.04518449239412303,0.23846078487289502
0.5,16,3.9502846654713384,0.032955400015209274,0.25924906393600966
0.5,20,4.273868672721159,0.026567239564431702,0.26808048309292914
0.5,24,4.520180755578769,0.02251466437191517,0.28412906406382976
1.0,1,-0.0,1.0,0.0
1.0,2,0.9999564911248542,0.49611684722383875,0.17860885126267023
1.0,3,1.5838443557153017,0.31493521981270794,0.20820965535490996
1.0,4,1.9735423202370284,0.20070726553806054,0.23680798638175782
1.0,5,2.3102602957944214,0.16145386455162622,0.2904296258390497
1.0,6,2.5298278771936253,0.1140382682634265,0.2911439287942168
1.0,8,2.980092965648404,0.10686537805187689,0.3228603979205543
1.0,10,3.2635431559686037,0.03574910708005723,0.33739124491786004
1.0,12,3.510685768374794,0.032608566303264586,0.3480074575455058
1.0,16,3.9592445038006763,0.031262281912063185,0.3742769921669844
1.0,20,4.229278641694772,0.015578486655416127,0.3822792485606724
1.0,24,4.527606340001622,0.021561113654509884,0.3997030952171816
2.0,1,-0.0,1.0,0.0
2.0,2,0.9996547157857216,0.4890612229747466,0.24810216714185446
2.0,3,1.576726316691753,0.2836491045520694,0.2914935545179362
2.0,4,1.9993196692634243,0.23842422611715217,0.31762916162944654
2.0,5,2.3126896597230293,0.17012377351708338,0.38256285691821396
2.0,6,2.5672873625682984,0.13172544244154094,0.38151214865148325
2.0,8,2.964422115612517,0.08166467964798794,0.4179078231254595
2.0,10,3.295032258903063,0.0706379868467324,0.4351278812934175
2.0,12,3.531609904476185,0.053794561945296006,0.45049993442482156
2.0,16,3.9631996126941162,0.03577560000455095,0.4774687212975642
2.0,20,4.2543280091192095,0.020995068505027747,0.4845139731430958
2.0,24,4.501203675982971,0.02347899478522727,0.4977060505490223
