D,k,scope,dataset,gain
0.5,1,all,ALL,0.019606546848208173
0.5,1,all,hrdexdb,-0.28184001539607295
0.5,1,all,humanoid_everyday_h1,0.02507921619917952
0.5,1,all,realdex,0.11486824097560278
0.5,1,event,ALL,0.11189206440256105
0.5,1,event,hrdexdb,0.07339330425834112
0.5,1,event,humanoid_everyday_h1,0.09833946597437815
0.5,1,event,realdex,0.12989892454702467
0.5,2,all,ALL,0.23247310298552704
0.5,2,all,hrdexdb,-0.694988803041005
0.5,2,all,humanoid_everyday_h1,0.3248289405584813
0.5,2,all,realdex,0.44814815785394957
0.5,2,event,ALL,0.47657302445547123
0.5,2,event,hrdexdb,0.28532169213448455
0.5,2,event,humanoid_everyday_h1,0.4783172334318859
0.5,2,event,realdex,0.5869343638893022
0.5,3,all,ALL,0.31404988684439394
0.5,3,all,hrdexdb,-0.5791877051627483
0.5,3,all,humanoid_everyday_h1,0.42094422335958304
0.5,3,all,realdex,0.572584557010323
0.5,3,event,ALL,0.6160968712346067
0.5,3,event,hrdexdb,0.45923200796248664
0.5,3,event,humanoid_everyday_h1,0.6209942349029686
0.5,3,event,realdex,0.7248560787873763
0.5,4,all,ALL,0.38030128880900316
0.5,4,all,hrdexdb,-0.38155063750048
0.5,4,all,humanoid_everyday_h1,0.5126662291552626
0.5,4,all,realdex,0.6091147897893705
0.5,4,event,ALL,0.6695351497567764
0.5,4,event,hrdexdb,0.5370468445997298
0.5,4,event,humanoid_everyday_h1,0.690037036455394
0.5,4,event,realdex,0.767001538028657
0.5,5,all,ALL,0.4057601471678708
0.5,5,all,hrdexdb,-0.444556076732638
0.5,5,all,humanoid_everyday_h1,0.5219238583392709
0.5,5,all,realdex,0.6340602953940376
0.5,5,event,ALL,0.7125845668090504
0.5,5,event,hrdexdb,0.5444865744727347
0.5,5,event,humanoid_everyday_h1,0.7407054366657145
0.5,5,event,realdex,0.7931957336795964
0.5,6,all,ALL,0.40229291427865677
0.5,6,all,hrdexdb,-0.48942116454910756
0.5,6,all,humanoid_everyday_h1,0.5173653428329539
0.5,6,all,realdex,0.6362658068040445
0.5,6,event,ALL,0.7175339463982187
0.5,6,event,hrdexdb,0.5498549776742937
0.5,6,event,humanoid_everyday_h1,0.7444355471485611
0.5,6,event,realdex,0.8014476450724501
0.5,8,all,ALL,0.41764771991506644
0.5,8,all,hrdexdb,-0.46335429859113564
0.5,8,all,humanoid_everyday_h1,0.5165556743903195
0.5,8,all,realdex,0.6757837168048513
0.5,8,event,ALL,0.7541146160329668
0.5,8,event,hrdexdb,0.5959031495475435
0.5,8,event,humanoid_everyday_h1,0.7835477286503261
0.5,8,event,realdex,0.8379902850094989
0.5,10,all,ALL,0.4348541216313567
0.5,10,all,hrdexdb,-0.41782002700906506
0.5,10,all,humanoid_everyday_h1,0.5116209064630866
0.5,10,all,realdex,0.7118354858563039
0.5,10,event,ALL,0.7746949025228855
0.5,10,event,hrdexdb,0.6310839383701051
0.5,10,event,humanoid_everyday_h1,0.7980275001012331
0.5,10,event,realdex,0.8670696904007701
0.5,12,all,ALL,0.4381035307688469
0.5,12,all,hrdexdb,-0.40774868979558354
0.5,12,all,humanoid_everyday_h1,0.5166136552313196
0.5,12,all,realdex,0.7141320647048792
0.5,12,event,ALL,0.7873518397188634
0.5,12,event,hrdexdb,0.6265655283381619
0.5,12,event,humanoid_everyday_h1,0.8070706811963815
0.5,12,event,realdex,0.8833239148550829
0.5,16,all,ALL,0.4517637811158147
0.5,16,all,hrdexdb,-0.5146317350084797
0.5,16,all,humanoid_everyday_h1,0.540673765239728
0.5,16,all,realdex,0.7488546930986522
0.5,16,event,ALL,0.8084677963702585
0.5,16,event,hrdexdb,0.6361542637946369
0.5,16,event,humanoid_everyday_h1,0.8271417307377259
0.5,16,event,realdex,0.9042262570969066
0.5,20,all,ALL,0.48058701661538594
0.5,20,all,hrdexdb,-0.4025848948384412
0.5,20,all,humanoid_everyday_h1,0.5654453000663813
0.5,20,all,realdex,0.7547861630920303
0.5,20,event,ALL,0.8225631432665657
0.5,20,event,hrdexdb,0.6681993865337039
0.5,20,event,humanoid_everyday_h1,0.8384198987719547
0.5,20,event,realdex,0.9101258993345356
0.5,24,all,ALL,0.49284021552501256
0.5,24,all,hrdexdb,-0.3063993575099442
0.5,24,all,humanoid_everyday_h1,0.5665040174679361
0.5,24,all,realdex,0.7655457976730433
0.5,24,event,ALL,0.8279956210433039
0.5,24,event,hrdexdb,0.6932772097702751
0.5,24,event,humanoid_everyday_h1,0.8380539163088297
0.5,24,event,realdex,0.9184994760944587
1.0,1,all,ALL,0.10805842915378538
1.0,1,all,hrdexdb,-0.2759912943313032
1.0,1,all,humanoid_everyday_h1,0.07652403297895793
1.0,1,all,realdex,0.24306949302990788
1.0,1,event,ALL,0.2210704195029216
1.0,1,event,hrdexdb,0.17192518265259127
1.0,1,event,humanoid_everyday_h1,0.18079312999399977
1.0,1,event,realdex,0.277457041875378
1.0,2,all,ALL,0.4531755201262274
1.0,2,all,hrdexdb,-0.24374242947830793
1.0,2,all,humanoid_everyday_h1,0.5201770965688459
1.0,2,all,realdex,0.6338469482857823
1.0,2,event,ALL,0.6648263439552864
1.0,2,event,hrdexdb,0.5195538730603118
1.0,2,event,humanoid_everyday_h1,0.684513164382081
1.0,2,event,realdex,0.7750000555727645
1.0,3,all,ALL,0.5413947276528802
1.0,3,all,hrdexdb,0.0058713929753413385
1.0,3,all,humanoid_everyday_h1,0.6011333974048424
1.0,3,all,realdex,0.7360123763658015
1.0,3,event,ALL,0.7569227380965349
1.0,3,event,hrdexdb,0.671951671946494
1.0,3,event,humanoid_everyday_h1,0.7823752761076537
1.0,3,event,realdex,0.841020049138086
1.0,4,all,ALL,0.59782119490648
1.0,4,all,hrdexdb,0.11457255211618356
1.0,4,all,humanoid_everyday_h1,0.6675511345446975
1.0,4,all,realdex,0.7508765131656128
1.0,4,event,ALL,0.791436003333622
1.0,4,event,hrdexdb,0.7150344033849865
1.0,4,event,humanoid_everyday_h1,0.8242854984837116
1.0,4,event,realdex,0.8488401575610667
1.0,5,all,ALL,0.6336559763474336
1.0,5,all,hrdexdb,0.18907488001273076
1.0,5,all,humanoid_everyday_h1,0.6933556458009625
1.0,5,all,realdex,0.7673058642529713
1.0,5,event,ALL,0.823942047085706
1.0,5,event,hrdexdb,0.7376691590139226
1.0,5,event,humanoid_everyday_h1,0.8636992752902102
1.0,5,event,realdex,0.8702157318388937
1.0,6,all,ALL,0.6475413719720615
1.0,6,all,hrdexdb,0.21590077969361143
1.0,6,all,humanoid_everyday_h1,0.7053539007521045
1.0,6,all,realdex,0.7780149550981555
1.0,6,event,ALL,0.8344699013410687
1.0,6,event,hrdexdb,0.7510346849418968
1.0,6,event,humanoid_everyday_h1,0.8756990881749754
1.0,6,event,realdex,0.8784939896662655
1.0,8,all,ALL,0.6560359287302072
1.0,8,all,hrdexdb,0.26985697618876203
1.0,8,all,humanoid_everyday_h1,0.6956527598369022
1.0,8,all,realdex,0.8025669374062804
1.0,8,event,ALL,0.8484869095083358
1.0,8,event,hrdexdb,0.7827590533542587
1.0,8,event,humanoid_everyday_h1,0.8884226379183048
1.0,8,event,realdex,0.888865771691459
1.0,10,all,ALL,0.678287145823411
1.0,10,all,hrdexdb,0.2678487448264284
1.0,10,all,humanoid_everyday_h1,0.7218240673189655
1.0,10,all,realdex,0.8247013408606683
1.0,10,event,ALL,0.8655743346170065
1.0,10,event,hrdexdb,0.7875957183644073
1.0,10,event,humanoid_everyday_h1,0.9079396540445082
1.0,10,event,realdex,0.908493198084692
1.0,12,all,ALL,0.6955944324165945
1.0,12,all,hrdexdb,0.282358073935257
1.0,12,all,humanoid_everyday_h1,0.7359399150380374
1.0,12,all,realdex,0.8420630133439271
1.0,12,event,ALL,0.8761012628756397
1.0,12,event,hrdexdb,0.7974016024200397
1.0,12,event,humanoid_everyday_h1,0.9137456927613796
1.0,12,event,realdex,0.9198647897176302
1.0,16,all,ALL,0.7176423897886013
1.0,16,all,hrdexdb,0.26181074825045103
1.0,16,all,humanoid_everyday_h1,0.7502432267329487
1.0,16,all,realdex,0.8665435541086469
1.0,16,event,ALL,0.8894605286609756
1.0,16,event,hrdexdb,0.8085504949700455
1.0,16,event,humanoid_everyday_h1,0.923716910535952
1.0,16,event,realdex,0.9316978574636423
1.0,20,all,ALL,0.7262110126886144
1.0,20,all,hrdexdb,0.369504731063782
1.0,20,all,humanoid_everyday_h1,0.7550446684751487
1.0,20,all,realdex,0.864920612858233
1.0,20,event,ALL,0.8930606785436136
1.0,20,event,hrdexdb,0.8333811830041182
1.0,20,event,humanoid_everyday_h1,0.9283295728177495
1.0,20,event,realdex,0.9291100935847598
1.0,24,all,ALL,0.7394285139566161
1.0,24,all,hrdexdb,0.41947341630460233
1.0,24,all,humanoid_everyday_h1,0.7580352197320508
1.0,24,all,realdex,0.8775683012825397
1.0,24,event,ALL,0.8997939737054409
1.0,24,event,hrdexdb,0.8533286226034098
1.0,24,event,humanoid_everyday_h1,0.9316247928446734
1.0,24,event,realdex,0.9379156621944564
2.0,1,all,ALL,0.18458695642970624
2.0,1,all,hrdexdb,-0.1117108097544508
2.0,1,all,humanoid_everyday_h1,0.18851127220096453
2.0,1,all,realdex,0.35517369406066945
2.0,1,event,ALL,0.34093584852800585
2.0,1,event,hrdexdb,0.2964640884858888
2.0,1,event,humanoid_everyday_h1,0.3210727145919149
2.0,1,event,realdex,0.4191149559561085
2.0,2,all,ALL,0.564105319290243
2.0,2,all,hrdexdb,0.18513039481876348
2.0,2,all,humanoid_everyday_h1,0.6830986364990312
2.0,2,all,realdex,0.6364389060638089
2.0,2,event,ALL,0.7960819280927658
2.0,2,event,hrdexdb,0.6696811484407308
2.0,2,event,humanoid_everyday_h1,0.8312986397771507
2.0,2,event,realdex,0.825679960510656
2.0,3,all,ALL,0.6489794655718024
2.0,3,all,hrdexdb,0.3783724577823173
2.0,3,all,humanoid_everyday_h1,0.7630992777680604
2.0,3,all,realdex,0.7099467654535758
2.0,3,event,ALL,0.8584631003032488
2.0,3,event,hrdexdb,0.7792882132373364
2.0,3,event,humanoid_everyday_h1,0.899991088292854
2.0,3,event,realdex,0.8544113723092843
2.0,4,all,ALL,0.7130914909908321
2.0,4,all,hrdexdb,0.5088805801468324
2.0,4,all,humanoid_everyday_h1,0.8009614483894113
2.0,4,all,realdex,0.7377142609994962
2.0,4,event,ALL,0.8841014230780763
2.0,4,event,hrdexdb,0.8227458910549986
2.0,4,event,humanoid_everyday_h1,0.9212024175897966
2.0,4,event,realdex,0.8669159117369407
2.0,5,all,ALL,0.7291124660137873
2.0,5,all,hrdexdb,0.5039832280960523
2.0,5,all,humanoid_everyday_h1,0.8157336622474636
2.0,5,all,realdex,0.7521497063710882
2.0,5,event,ALL,0.8955823036912034
2.0,5,event,hrdexdb,0.8288197122155164
2.0,5,event,humanoid_everyday_h1,0.933443045419917
2.0,5,event,realdex,0.8806605791249486
2.0,6,all,ALL,0.7389414781647223
2.0,6,all,hrdexdb,0.5223178681725291
2.0,6,all,humanoid_everyday_h1,0.8188565469461743
2.0,6,all,realdex,0.7710626189406831
2.0,6,event,ALL,0.8985930308600574
2.0,6,event,hrdexdb,0.8349777820841476
2.0,6,event,humanoid_everyday_h1,0.9338991883140735
2.0,6,event,realdex,0.8899062830163121
2.0,8,all,ALL,0.7600468160595788
2.0,8,all,hrdexdb,0.5791136305559146
2.0,8,all,humanoid_everyday_h1,0.8262292294548991
2.0,8,all,realdex,0.8052174377136544
2.0,8,event,ALL,0.9163335745473087
2.0,8,event,hrdexdb,0.8577961017757236
2.0,8,event,humanoid_everyday_h1,0.9499980935953275
2.0,8,event,realdex,0.9102376990032829
2.0,10,all,ALL,0.7759724737546561
2.0,10,all,hrdexdb,0.6071559617629777
2.0,10,all,humanoid_everyday_h1,0.8386507527659545
2.0,10,all,realdex,0.8224551926469681
2.0,10,event,ALL,0.9215157778724838
2.0,10,event,hrdexdb,0.8716051004733596
2.0,10,event,humanoid_everyday_h1,0.9534609539841502
2.0,10,event,realdex,0.9195605782267806
2.0,12,all,ALL,0.7901913299582535
2.0,12,all,hrdexdb,0.642939616161025
2.0,12,all,humanoid_everyday_h1,0.8445415536456601
2.0,12,all,realdex,0.8417155651229218
2.0,12,event,ALL,0.9288474443215504
2.0,12,event,hrdexdb,0.8831922609174796
2.0,12,event,humanoid_everyday_h1,0.9577647416162599
2.0,12,event,realdex,0.9284542770777607
2.0,16,all,ALL,0.804467919666574
2.0,16,all,hrdexdb,0.6579593546007176
2.0,16,all,humanoid_everyday_h1,0.8506698312269864
2.0,16,all,realdex,0.8670749217274768
2.0,16,event,ALL,0.933211238364653
2.0,16,event,hrdexdb,0.891209508034166
2.0,16,event,humanoid_everyday_h1,0.9605881075012496
2.0,16,event,realdex,0.9301429954787258
2.0,20,all,ALL,0.8212444148734871
2.0,20,all,hrdexdb,0.6780715471354755
2.0,20,all,humanoid_everyday_h1,0.862612127033667
2.0,20,all,realdex,0.8824979984195745
2.0,20,event,ALL,0.9387101804743478
2.0,20,event,hrdexdb,0.9097534405143012
2.0,20,event,humanoid_everyday_h1,0.9645160693285194
2.0,20,event,realdex,0.9412284693827925
2.0,24,all,ALL,0.8372190923962902
2.0,24,all,hrdexdb,0.7039281491383147
2.0,24,all,humanoid_everyday_h1,0.8834890324990434
2.0,24,all,realdex,0.8823088918129277
2.0,24,event,ALL,0.942187795266945
2.0,24,event,hrdexdb,0.9138142549823807
2.0,24,event,humanoid_everyday_h1,0.9665156590354295
2.0,24,event,realdex,0.9401076395959208
