dataset,D,episodes,anchors,change_med_mm,change_p90_mm,moving_frac,persist_relMSE,constvel_relMSE,cluster_switch
hrdexdb,0.25,68.0,13816.0,0.20391944693787722,5.0055761199762685,0.03705848291835553,0.0327291724854836,0.047963500760584275,0.04538216560509554
hrdexdb,0.5,68.0,13647.0,0.5132294535207594,10.346739944578436,0.10485821059573533,0.08887500065218201,0.19448987334388818,0.08829779438704477
hrdexdb,1.0,68.0,13307.0,1.4389459966300908,19.402607949077847,0.2176298188923123,0.22376158402716953,0.8172813060139072,0.16224543473359887
hrdexdb,2.0,68.0,12627.0,6.044291345987487,32.53133859504596,0.39328423220083947,0.5083689936696527,3.4277568449104323,0.29072622158865924
hrdexdb,3.0,68.0,11947.0,11.897990754756323,39.831738155818954,0.5474177617812003,0.7888732449551279,7.863656139941846,0.40654557629530425
humanoid_everyday_h1,0.25,20.0,2712.0,1.512189042466848,12.409109979955753,0.12573746312684367,0.10656518005081739,0.22111134301299432,0.12315634218289086
humanoid_everyday_h1,0.5,20.0,2657.0,2.505496519219894,22.785461375955705,0.1911930748964998,0.23744291812053658,0.8593499720021553,0.17124576590139254
humanoid_everyday_h1,1.0,20.0,2542.0,4.414301217426417,46.88173813154486,0.3033044846577498,0.48365059253772497,3.2295272034126885,0.2513768686073958
humanoid_everyday_h1,2.0,20.0,2312.0,9.046585207918323,76.04145999825391,0.47923875432525953,0.9837964961005611,12.890185196460378,0.39878892733564014
humanoid_everyday_h1,3.0,20.0,2082.0,16.93723274041517,84.88107977456023,0.5946205571565802,1.4118874973389548,26.701213215796056,0.5091258405379443
realdex,0.25,9.0,10753.0,6.029223786271647,19.049009413915755,0.3145168790105087,0.2369491023985075,0.22310024122843763,0.2314702873616665
realdex,0.5,9.0,10732.0,12.32099240622001,31.252437658365167,0.5935519940365263,0.6840650318579776,1.140093026226897,0.3979686917629519
realdex,1.0,9.0,10687.0,25.003612232114715,42.57032464762538,0.8772340226443343,1.5273551723953196,5.460353202037842,0.6058762983063535
realdex,2.0,9.0,10597.0,26.48083293402608,47.18056264480836,0.8867604038878928,1.7282993224850025,22.62986145731259,0.6886854770217986
realdex,3.0,9.0,10507.0,21.42905127684837,45.320306492507385,0.8470543447225659,1.5074498947711232,42.89552625137418,0.6220614828209765
